Rule,tool_id,lot_id,thermalhdid,dvtststdt,socket,tiuid,siteid,prttesterid,tiuprscdid,visualid,delay_index_time,msunit,HWALARM_PTH_DIODE_THRSOAK,HWALARM_TPI_BASE,PCS_SOT1,PCS_TJRISE1,PCS_TJDROOP1,PCS_SOT0,PCS_TJRISE0,PCS_TJDROOP0,PCS_SKTCN11,PCS_SKTRP11,PCS_STIM_AP_HFE_IN_Temp_Mean,mrslt,PCS_STIM_RawHeatingCurrent_1_Max,PCS_STIM_DEACTUATE_TIME,PCS_STIM_ACTUATE_TIME,PCS_STIM_Recipe_Version,PCS_STIM_RawHeatingCurrent_3_Max,PCS_STIM_MainPedTemp_Max,PCS_STIM_RawHeatingCurrent_0_Max,PCS_STIM_RawHeatingCurrent_2_Max,PCS_STIM_MainCPTemp_Max,dvtsteddt,ttime,subflstpid,binn,curfbin,curibin,HWALARM_ARR_CORE_LSA,HWALARM_FUN_ATOML,HWALARM_FUN_CCF,HWALARM_PTH_FIVR_OPSC,HWALARM_TPI_SHOPS,PCS_STIM_DiodeT_UEIData1_StdDev,PCS_STIM_DiodeT_UEIData2_StdDev,TH_DTSCODE_CPU,TH_DTSCODE_CPU_LTTC,TH_TD_TDAU_CH_CCF_PTH_DTS,TH_TD_TDAU_CH_SA_PTH_DTS,hwrt,hwrt_orig_binn,hwrt_orig_curfbin,hwrt_orig_curibin,trlot,trwafer,trxloc,tryloc
rule_oop_rev1,HXV204,M444G372,CXRPLSBF3877,20241111012124,11,BB2T4H1P4053,C101,P HXT B65385,RPLSB11T4053,M4168AY900324,5582,C,Module:HDMT_HDDPS_HC|Channel:11033|Time:20241110172124,Module:HDMT_HDDPS_HC|Channel:11033|Time:20241110172124,255.90,0.00,0.00,255.90,0.00,0.00,121627,121627,-8.33,-8.33,1.997,2.848,7.64,R09,3.083,101.54,2.024,3.172,102.319,20241111012125,1.423,CLASSHOT,90999985,9985,99,,,,,,,,,,,,,,,,,,,
rule_oop_rev1,HXV204,M444G372,CXRPLSBF3877,20241111013849,11,BB2T4H1P4053,C101,P HXT B65385,RPLSB11T4053,M4168AY900322,29,C,Module:HC|Channel:26|Time:20241111013850,,255.90,0.00,0.00,255.90,0.00,0.00,121629,121629,-19.442,-19.442,2.15,11.024,7.753,R09,3.304,100.584,2.142,3.403,101.346,20241111013851,1.748,CLASSHOT,90999985,9985,99,,,,,,,,,,,,,,,,,,,
rule_oop_rev1,HXV204,M444G372,CXRPLSBF3877,20241111012124,11,BB2T4H1P4053,C101,P HXT B65385,RPLSB11T4053,M4168AY900324,5582,C,Module:HDMT_HDDPS_HC|Channel:11033|Time:20241110172124,Module:HDMT_HDDPS_HC|Channel:11033|Time:20241110172124,255.90,0.00,0.00,255.90,0.00,0.00,121627,121627,-8.33,-8.33,1.997,2.848,7.64,R09,3.083,101.54,2.024,3.172,102.319,20241111012125,1.423,CLASSHOT,90999985,9985,99,,,,,,,,,,,,,,,,,,,
rule_oop_rev1,HXV204,M444G372,CXRPLSBF3877,20241111013849,11,BB2T4H1P4053,C101,P HXT B65385,RPLSB11T4053,M4168AY900322,29,C,Module:HC|Channel:26|Time:20241111013850,,255.90,0.00,0.00,255.90,0.00,0.00,121629,121629,-19.442,-19.442,2.15,11.024,7.753,R09,3.304,100.584,2.142,3.403,101.346,20241111013851,1.748,CLASSHOT,90999985,9985,99,,,,,,,,,,,,,,,,,,,
rule_oop_rev1,HMV807,M444F922,CXF86FF4135,20241111021033,11,F87KD10T4038,A302,P HXT T60954,F87KD10T4038,M4237QC400686,255.9000,85.1000,84.2000,82.6000,82.9000,84.4000,255.9,C,-5.55581e+06,-19.25,5.55581e+06,84.8,-5.55564e+06,5.55564e+06,83,-5.55564e+06,5.55564e+06,85.6,-5.55564e+06,5.55564e+06,83.3,-5.55564e+06,5.55564e+06,85,-5.55564e+06,5.55564e+06,1,3489,34,90343489,R12,4.898,-19.25,7.975,4.688,6.246,4.948,8.068,20241111021035,1.6338,90979726,9726,97,,,,,,,,,,,,,,,,,,,,,,,,,,,,,,,,,,,,,,,,,,,,,,,,,,,,,,,,,,,,,,,,,,,,,,,,,,,,,,,,,,,,,,,,,,,,,,,,,,,,,,,,,,,,,,,,,,,,,,,,,,,,,,,,,,,,,,,,,,,,,,,,,,,,,,,,,,,,,,,,,,,,,,,,,,,,,,,,,,,,,,,,,,,,,,,,,,,,,,,,,,,,,,,,,,,,,,,,,,,,,,,,,,,,,,,,,,,,,,,,,,,,,,,,,,,,,,,,,,,,,,,,,,,,,,,,,,,,,,,,,,,,,,,,,,,,,,,,,,,,,,,,,,,,,,,,,,,,,,,,,,,,,,,,,,,,,,,,,,,,,,,,,,,,,,,,,,,,,,,,,,,,,,,,,,,,,,,,,,,,,,,,,,,,,,,,,,,,,,,,,,,,,,,,,,,,,,,,,,,,,,,,,,,,,,,,,,,,,,,,,,,,,,,,,,,,,,,,,,,,,,,,,,,,,,,,,,,,,,,,,,,,,,,,,,,,,,,,,,,,,,,,,,,,,,,,,,,,,,,,,,,,,,,,,,,,,,,,,,,,,,,,,,,,,,,,,,,,,,,,,,,,,,,,,,,,,,,,,,,,,,,,,,,,,,,,,,,,,,,,,,,,,,,,,,,,,,,,,,,,,,,,,,,,,,,,,,,,,,,,,,,,,,,,,,,,,,,,,,,,,,,,,,,,,,,,,,,,,,,,,,,,,,,,,,,,,,,,,,,,,,,,,,,,,,,,,,,,,,,,,,,,,,,,,,,,,,,,,,,,,,,,,,,,,,,,,,,,,,,,,,,,,,,,,,,,,,,,,,
rule_oop_rev1,HMV807,M444F922,CXF86FF4135,20241111031211,11,F87KD10T4038,A302,P HXT T60954,F87KD10T4038,M4237QC400836,255.9000,83.7000,80.6000,79.8000,76.1000,80.6000,255.9,C,-5.55581e+06,-19.25,5.55581e+06,81.1,-5.55564e+06,5.55564e+06,80.1,-5.55564e+06,5.55564e+06,84,-5.55564e+06,5.55564e+06,76.4,-5.55563e+06,5.55563e+06,81,-5.55564e+06,5.55564e+06,,,,,R12,4.905,-19.25,7.988,4.667,5.743,4.954,8.064,20241111031213,1.6376,90979726,9726,97,,,,,,,,,,,,,,,,,,,,,,,,,,,,,,,,,,,,,,,,,,,,,,,,,,,,,,,,,,,,,,,,,,,,,,,,,,,,,,,,,,,,,,,,,,,,,,,,,,,,,,,,,,,,,,,,,,,,,,,,,,,,,,,,,,,,,,,,,,,,,,,,,,,,,,,,,,,,,,,,,,,,,,,,,,,,,,,,,,,,,,,,,,,,,,,,,,,,,,,,,,,,,,,,,,,,,,,,,,,,,,,,,,,,,,,,,,,,,,,,,,,,,,,,,,,,,,,,,,,,,,,,,,,,,,,,,,,,,,,,,,,,,,,,,,,,,,,,,,,,,,,,,,,,,,,,,,,,,,,,,,,,,,,,,,,,,,,,,,,,,,,,,,,,,,,,,,,,,,,,,,,,,,,,,,,,,,,,,,,,,,,,,,,,,,,,,,,,,,,,,,,,,,,,,,,,,,,,,,,,,,,,,,,,,,,,,,,,,,,,,,,,,,,,,,,,,,,,,,,,,,,,,,,,,,,,,,,,,,,,,,,,,,,,,,,,,,,,,,,,,,,,,,,,,,,,,,,,,,,,,,,,,,,,,,,,,,,,,,,,,,,,,,,,,,,,,,,,,,,,,,,,,,,,,,,,,,,,,,,,,,,,,,,,,,,,,,,,,,,,,,,,,,,,,,,,,,,,,,,,,,,,,,,,,,,,,,,,,,,,,,,,,,,,,,,,,,,,,,,,,,,,,,,,,,,,,,,,,,,,,,,,,,,,,,,,,,,,,,,,,,,,,,,,,,,,,,,,,,,,,,,,,,,,,,,,,,,,,,,,,,,,,,,,,,,,,,,,,,,,,,,,,,,,,,,,,,,,,,
rule_oop_rev1,HXV204,M444G372,CXRPLSBF3877,20241111012124,11,BB2T4H1P4053,C101,P HXT B65385,RPLSB11T4053,M4168AY900324,5582,C,Module:HDMT_HDDPS_HC|Channel:11033|Time:20241110172124,Module:HDMT_HDDPS_HC|Channel:11033|Time:20241110172124,255.90,0.00,0.00,255.90,0.00,0.00,121627,121627,-8.33,-8.33,1.997,2.848,7.64,R09,3.083,101.54,2.024,3.172,102.319,20241111012125,1.423,CLASSHOT,90999985,9985,99,,,,,,,,,,,,,,,,,,,
rule_oop_rev1,HXV204,M444G372,CXRPLSBF3877,20241111013849,11,BB2T4H1P4053,C101,P HXT B65385,RPLSB11T4053,M4168AY900322,29,C,Module:HC|Channel:26|Time:20241111013850,,255.90,0.00,0.00,255.90,0.00,0.00,121629,121629,-19.442,-19.442,2.15,11.024,7.753,R09,3.304,100.584,2.142,3.403,101.346,20241111013851,1.748,CLASSHOT,90999985,9985,99,,,,,,,,,,,,,,,,,,,
rule_oop_rev1,HMV807,M444F922,CXF86FF4135,20241111021033,11,F87KD10T4038,A302,P HXT T60954,F87KD10T4038,M4237QC400686,255.9000,85.1000,84.2000,82.6000,82.9000,84.4000,255.9,C,-5.55581e+06,-19.25,5.55581e+06,84.8,-5.55564e+06,5.55564e+06,83,-5.55564e+06,5.55564e+06,85.6,-5.55564e+06,5.55564e+06,83.3,-5.55564e+06,5.55564e+06,85,-5.55564e+06,5.55564e+06,1,3489,34,90343489,R12,4.898,-19.25,7.975,4.688,6.246,4.948,8.068,20241111021035,1.6338,90979726,9726,97,,,,,,,,,,,,,,,,,,,,,,,,,,,,,,,,,,,,,,,,,,,,,,,,,,,,,,,,,,,,,,,,,,,,,,,,,,,,,,,,,,,,,,,,,,,,,,,,,,,,,,,,,,,,,,,,,,,,,,,,,,,,,,,,,,,,,,,,,,,,,,,,,,,,,,,,,,,,,,,,,,,,,,,,,,,,,,,,,,,,,,,,,,,,,,,,,,,,,,,,,,,,,,,,,,,,,,,,,,,,,,,,,,,,,,,,,,,,,,,,,,,,,,,,,,,,,,,,,,,,,,,,,,,,,,,,,,,,,,,,,,,,,,,,,,,,,,,,,,,,,,,,,,,,,,,,,,,,,,,,,,,,,,,,,,,,,,,,,,,,,,,,,,,,,,,,,,,,,,,,,,,,,,,,,,,,,,,,,,,,,,,,,,,,,,,,,,,,,,,,,,,,,,,,,,,,,,,,,,,,,,,,,,,,,,,,,,,,,,,,,,,,,,,,,,,,,,,,,,,,,,,,,,,,,,,,,,,,,,,,,,,,,,,,,,,,,,,,,,,,,,,,,,,,,,,,,,,,,,,,,,,,,,,,,,,,,,,,,,,,,,,,,,,,,,,,,,,,,,,,,,,,,,,,,,,,,,,,,,,,,,,,,,,,,,,,,,,,,,,,,,,,,,,,,,,,,,,,,,,,,,,,,,,,,,,,,,,,,,,,,,,,,,,,,,,,,,,,,,,,,,,,,,,,,,,,,,,,,,,,,,,,,,,,,,,,,,,,,,,,,,,,,,,,,,,,,,,,,,,,,,,,,,,,,,,,,,,,,,,,,,,,,,,,,,,,,,,,,,,,,,,,,,,,,,,,,,,,,,
rule_oop_rev1,HMV807,M444F922,CXF86FF4135,20241111031211,11,F87KD10T4038,A302,P HXT T60954,F87KD10T4038,M4237QC400836,255.9000,83.7000,80.6000,79.8000,76.1000,80.6000,255.9,C,-5.55581e+06,-19.25,5.55581e+06,81.1,-5.55564e+06,5.55564e+06,80.1,-5.55564e+06,5.55564e+06,84,-5.55564e+06,5.55564e+06,76.4,-5.55563e+06,5.55563e+06,81,-5.55564e+06,5.55564e+06,,,,,R12,4.905,-19.25,7.988,4.667,5.743,4.954,8.064,20241111031213,1.6376,90979726,9726,97,,,,,,,,,,,,,,,,,,,,,,,,,,,,,,,,,,,,,,,,,,,,,,,,,,,,,,,,,,,,,,,,,,,,,,,,,,,,,,,,,,,,,,,,,,,,,,,,,,,,,,,,,,,,,,,,,,,,,,,,,,,,,,,,,,,,,,,,,,,,,,,,,,,,,,,,,,,,,,,,,,,,,,,,,,,,,,,,,,,,,,,,,,,,,,,,,,,,,,,,,,,,,,,,,,,,,,,,,,,,,,,,,,,,,,,,,,,,,,,,,,,,,,,,,,,,,,,,,,,,,,,,,,,,,,,,,,,,,,,,,,,,,,,,,,,,,,,,,,,,,,,,,,,,,,,,,,,,,,,,,,,,,,,,,,,,,,,,,,,,,,,,,,,,,,,,,,,,,,,,,,,,,,,,,,,,,,,,,,,,,,,,,,,,,,,,,,,,,,,,,,,,,,,,,,,,,,,,,,,,,,,,,,,,,,,,,,,,,,,,,,,,,,,,,,,,,,,,,,,,,,,,,,,,,,,,,,,,,,,,,,,,,,,,,,,,,,,,,,,,,,,,,,,,,,,,,,,,,,,,,,,,,,,,,,,,,,,,,,,,,,,,,,,,,,,,,,,,,,,,,,,,,,,,,,,,,,,,,,,,,,,,,,,,,,,,,,,,,,,,,,,,,,,,,,,,,,,,,,,,,,,,,,,,,,,,,,,,,,,,,,,,,,,,,,,,,,,,,,,,,,,,,,,,,,,,,,,,,,,,,,,,,,,,,,,,,,,,,,,,,,,,,,,,,,,,,,,,,,,,,,,,,,,,,,,,,,,,,,,,,,,,,,,,,,,,,,,,,,,,,,,,,,,,,,,,,,,,,,
rule_oop_rev1,HXV012,M445F842,CXICDLCCF0511,20241112102835,11,BB2T4H1P4162,C401,P HXT T64841,ICDLCC11T4162,M4798RA801541,30.6154,C,255.9000,255.9000,256.9000,255.9,-5.55581e+06,-5.55581e+06,5.55581e+06,256.9,-5.55581e+06,5.55581e+06,32976,32907,1,883,8,90080883,3.929,R25,14.104,7.382,6.252,3.773,6.509,20241112102839,3.9752,90151590,1590,15,,,,,,,,,,,,,,,,,,,,,,,,,,,,,,,,,,,,,,,,,,,,,,,,,,,,,
rule_oop_rev1,HXV206,M445G062,ESPADLSGP1650,20241113094650,11,BB2T4H1P0396,B502,P HXT B67010,RPLS816111T0396,M4943CT803557,236,C,Module:HDMT_HDDPS_HC|Channel:26|Time:20241113014650,255.90,0.00,0.00,255.90,0.00,0.00,24.116,R25E,7.507,7.443,105.091,1810,20241113094652,1.463,CLASSHOT,90999985,9985,99,,,,,,,,,,,,,,,,,,,
rule_oop_rev1,HXV206,M445G062,ESPADLSGP1417,20241113094656,11,BB2T4H1P0565,B501,P HXT B65455,RPLS816111T0565,M413322A00374,324,C,Module:HDMT_HDDPS_HC|Channel:26|Time:20241113014656,255.90,0.00,0.00,255.90,0.00,0.00,24.194,R25E,7.655,5.605,105.095,1793,20241113094657,1.522,CLASSHOT,90999985,9985,99,,,,,,,,,,,,,,,,,,,
rule_oop_rev1,HXV204,M445G089,CXRPLSBF3877,20241113221754,11,BB2T4H1P4053,C101,P HXT B65385,RPLSB11T4053,M4527QU000401,30,C,Module:HDMT_HDDPS_LC|Channel:16|Time:20241113141755,255.90,0.00,0.00,255.90,0.00,0.00,122385,122385,-18.79,-18.79,2.051,11.436,7.606,R09,3.197,100.617,2.056,3.31,102.139,20241113221756,2.261,CLASSHOT,90999985,9985,99,,,,,,,,,,
rule_oop_rev1,HXV206,M446D838,ESPADLSGP1650,20241114022433,11,BB2T4H1P1633,B502,P HXT B67010,RPLS816111T1633,M4944XB202624,59861,C,Module:HDMT_HDDPS_HC|Channel:26|Time:20241113182434,255.90,0.00,0.00,255.90,0.00,0.00,24.163,R25E,7.525,6.318,105.099,1811,20241114022435,1.5,CLASSHOT,90999985,9985,99,,,,,,,,,,,,,,,,,,,
rule_oop_rev1,HXV206,M446D838,ESPADLSGP1417,20241114022443,11,BB2T4H1P3244,B501,P HXT B65455,RPLS816111T3244,M4944XB201305,59866,C,Module:HDMT_HDDPS_HC|Channel:26|Time:20241113182443,255.90,0.00,0.00,255.90,0.00,0.00,24.177,R25E,7.607,6.745,105.105,1794,20241114022445,1.52,CLASSHOT,90999985,9985,99,,,,,,,,,,,,,,,,,,,
rule_oop_rev1,HXV206,M446D838,ESPADLSGP1650,20241114022433,11,BB2T4H1P1633,B502,P HXT B67010,RPLS816111T1633,M4944XB202624,59861,C,Module:HDMT_HDDPS_HC|Channel:26|Time:20241113182434,255.90,0.00,0.00,255.90,0.00,0.00,24.163,R25E,7.525,6.318,105.099,1811,20241114022435,1.5,CLASSHOT,90999985,9985,99,,,,,,,,,,,,,,,,,,,,,,,,,
rule_oop_rev1,HXV206,M446D838,ESPADLSGP1417,20241114022443,11,BB2T4H1P3244,B501,P HXT B65455,RPLS816111T3244,M4944XB201305,59866,C,Module:HDMT_HDDPS_HC|Channel:26|Time:20241113182443,255.90,0.00,0.00,255.90,0.00,0.00,24.177,R25E,7.607,6.745,105.105,1794,20241114022445,1.52,CLASSHOT,90999985,9985,99,,,,,,,,,,,,,,,,,,,,,,,,,
rule_oop_rev1,HMV804,M445G132,SPSNRGP1728,20241115000104,11,BB2T4H1P0563,A502,P HXT T61219,SNRTL14T0563,M4015J5E01033,15.6314,C,Module:HDMT_HDDPS_LC|Channel:21|Time:20241115000111,255.9,-5.55581e+06,-11.654,5.55581e+06,255.9,-5.55581e+06,5.55581e+06,255.9,-5.55581e+06,5.55581e+06,14373,14373,94.9,3.73,-21.484,45.087,255.9,-11.654,96.6,116.15,24.888,7.543,255.9,R52,114.695,20241115000112,8.2340,90999971,9971,99,,,,,
rule_oop_rev1,HXV206,M446D904,ESPADLSGP0296,20241115054119,11,BB2T4H1P0585,C302,P HXT B66117,RPLS816111T0585,M4123RX700633,23,C,Module:HDMT_HDDPS_HC|Channel:11030|Time:20241114214119,255.90,0.00,0.00,255.90,0.00,0.00,5.428,R25E,7.656,22.175,105.378,27,20241115054120,1.501,CLASSHOT,90999985,9985,99,,,,,,,,,,,,,,,,,,,
rule_oop_rev1,HXV204,M446F528,CXRPLSBF2781,20241118082129,11,BB2T4H1P3714,B102,P HXT B65678,RPLSB11T3714,M4000NR701294,29,C,Module:HDMT_HDDPS_HC|Channel:11031|Time:20241118002129,255.90,0.00,0.00,255.90,0.00,0.00,69848,69848,-20.955,-20.955,4.125,11.751,7.523,R09,6.085,103.704,4.118,6.276,103.972,20241118082131,1.454,CLASSHOT,90999985,9985,99,,,,,,,,,,,,,,,,,,,,,,,,,,,
rule_oop_rev1,HXV204,M446F528,CXRPLSBF2781,20241118095858,11,BB2T4H1P3714,B102,P HXT B65678,RPLSB11T3714,M4000NR701379,29,C,Module:HDMT_HDDPS_HC|Channel:11031|Time:20241118015859,255.90,0.00,0.00,255.90,0.00,0.00,69829,69829,-20.661,-20.661,4.134,11.454,7.587,R09,5.996,103.828,4.106,6.276,104.062,20241118095900,1.434,CLASSHOT,90999985,9985,99,,,,,,,,,,,,,,,,,,,,,,,,,,,
rule_oop_rev1,HXV204,M446F545,CXRPLSBF2781,20241118183211,11,BB2T4H1P1021,B102,P HXT B65678,RPLSB11T1021,M48082PF04987,30,C,Module:HDMT_HDDPS_HC|Channel:11031|Time:20241118103211,255.90,0.00,0.00,255.90,0.00,0.00,58297,58297,-20.196,-20.196,4.095,11.642,7.601,R09,6.014,103.834,4.144,6.219,104.134,20241118183212,1.431,CLASSHOT,90999985,9985,99,,,,,,,,,,
rule_oop_rev1,HXV203,M445G273,CXRPLSBF3847,20241119001235,11,BB2T4H1P3628,A302,P HXT B64920,RPLSB11T3628,M4333NT501847,469,C,255.90,0.00,0.00,255.90,0.00,0.00,128244,128244,-19.485,-19.485,1.794,11.447,7.729,R09,2.909,101.658,1.843,2.937,102.062,20241119001238,3.299,CLASSHOT,90151590,1590,15,,,,,,,,,,
rule_oop_rev1,HXV204,AM445F700,CXRPLSBF4559,20241129051724,11,BB2T4H1P4286,A201,P HXT B65873,RPLSB11T4286,M427687200645,22,C,255.90,104024,104024,3.338,7.657,R10,20241129051725,1.522,PHMHOT,90999985,9985,99,,,,,,,,,,,,,,,,,,,,,,,,,,,,,,,,,,,,,,,,,,
rule_oop_rev1,HXV204,M447D390,CXRPLSBF4559,20241129052413,11,BB2T4H1P4286,A201,P HXT B65873,RPLSB11T4286,M427687204136,22,C,255.90,104033,104033,3.435,7.665,R10,20241129052414,1.371,PHMHOT,90999985,9985,99,,,,,,,,,,,,,,,,,,,,,,,,,,,,,,,,,,,,,,,,,,
rule_oop_rev1,HXV204,M448F860,CXRPLSBF3898,20241129132925,11,BB2T4H1P3611,A302,P HXT T64510,RPLSB11T3611,M427687204136,29,C,255.90,127072,127072,9.847,7.652,R10,20241129132926,1.487,CLASSHOT,90999985,9985,99,,,,,,,,,,,,,,,,,,,,,,,,,,,,,,,,,,,,,,,,,,
rule_oop_rev1,HXV205,M447D665,CXRPLSBF2756,20241129005031,11,BB2T4H1P4125,C402,P HXT B65384,RPLSB11T4125,M4102YV103344,30,C,Module:HDMT_HDDPS_LC|Channel:16|Time:20241128165032,255.90,0.00,0.00,255.90,0.00,0.00,89983,89983,-18.556,-18.556,2.008,11.653,7.686,R10,3.029,100.955,2.02,3.167,100.861,20241129005033,2.326,CLASSHOT,90999985,9985,99,,,,,,,,,,,,,,,,,,,,
rule_oop_rev1,HXV205,M447D623,CXRPLSBF3420,20241129052820,11,BB2T4H1P2798,C401,P HXT B65899,RPLSB11T2798,M4102YV105656,29,C,,255.90,0.00,0.00,255.90,0.00,0.00,81665,81665,-18.554,-18.554,2.053,11.158,7.681,R10,3.384,101.554,2.06,3.301,102.431,20241129052822,1.45,CLASSHOT,90999985,9985,99,,,,,Module:HDMT_HDDPS_HC|Channel:26|Time:20241128212820,,,,,,,,,,,,,,,
rule_oop_rev1,HXV204,AM445F700,CXRPLSBF4559,20241129051724,11,BB2T4H1P4286,A201,P HXT B65873,RPLSB11T4286,M427687200645,22,C,255.90,104024,104024,3.338,7.657,R10,20241129051725,1.522,PHMHOT,90999985,9985,99,,,,,,,,,,,,,,,,,,,,,,,,,,,,,,,,,,,,,,,,,,
rule_oop_rev1,HXV204,M447D390,CXRPLSBF4559,20241129052413,11,BB2T4H1P4286,A201,P HXT B65873,RPLSB11T4286,M427687204136,22,C,255.90,104033,104033,3.435,7.665,R10,20241129052414,1.371,PHMHOT,90999985,9985,99,,,,,,,,,,,,,,,,,,,,,,,,,,,,,,,,,,,,,,,,,,
rule_oop_rev1,HXV204,M448F860,CXRPLSBF3898,20241129132925,11,BB2T4H1P3611,A302,P HXT T64510,RPLSB11T3611,M427687204136,29,C,255.90,127072,127072,9.847,7.652,R10,20241129132926,1.487,CLASSHOT,90999985,9985,99,,,,,,,,,,,,,,,,,,,,,,,,,,,,,,,,,,,,,,,,,,
rule_oop_rev1,HXV205,M447D665,CXRPLSBF2756,20241129005031,11,BB2T4H1P4125,C402,P HXT B65384,RPLSB11T4125,M4102YV103344,30,C,Module:HDMT_HDDPS_LC|Channel:16|Time:20241128165032,255.90,0.00,0.00,255.90,0.00,0.00,89983,89983,-18.556,-18.556,2.008,11.653,7.686,R10,3.029,100.955,2.02,3.167,100.861,20241129005033,2.326,CLASSHOT,90999985,9985,99,,,,,,,,,,,,,,,,,,,,
rule_oop_rev1,HXV205,M447D623,CXRPLSBF3420,20241129052820,11,BB2T4H1P2798,C401,P HXT B65899,RPLSB11T2798,M4102YV105656,29,C,,255.90,0.00,0.00,255.90,0.00,0.00,81665,81665,-18.554,-18.554,2.053,11.158,7.681,R10,3.384,101.554,2.06,3.301,102.431,20241129052822,1.45,CLASSHOT,90999985,9985,99,,,,,Module:HDMT_HDDPS_HC|Channel:26|Time:20241128212820,,,,,,,,,,,,,,,
rule_oop_rev1,HXV204,M448F965,CXRPLSBF3856,20241129154635,11,BB2T4H1P3721,A202,P HXT T62806,RPLSB11T3721,M427687200645,22,C,255.90,38054,38054,2.865,7.738,R10,20241129154637,1.586,CLASSHOT,90999985,9985,99,,,,,,,,,,,,,,,,,,,,,,,
rule_oop_rev1,HXV204,AM445F700,CXRPLSBF4559,20241129051724,11,BB2T4H1P4286,A201,P HXT B65873,RPLSB11T4286,M427687200645,22,C,255.90,104024,104024,3.338,7.657,R10,20241129051725,1.522,PHMHOT,90999985,9985,99,,,,,,,,,,,,,,,,,,,,,,,,,,,,,,,,,,,,,,,,,,
rule_oop_rev1,HXV204,M447D390,CXRPLSBF4559,20241129052413,11,BB2T4H1P4286,A201,P HXT B65873,RPLSB11T4286,M427687204136,22,C,255.90,104033,104033,3.435,7.665,R10,20241129052414,1.371,PHMHOT,90999985,9985,99,,,,,,,,,,,,,,,,,,,,,,,,,,,,,,,,,,,,,,,,,,
rule_oop_rev1,HXV204,M448F860,CXRPLSBF3898,20241129132925,11,BB2T4H1P3611,A302,P HXT T64510,RPLSB11T3611,M427687204136,29,C,255.90,127072,127072,9.847,7.652,R10,20241129132926,1.487,CLASSHOT,90999985,9985,99,,,,,,,,,,,,,,,,,,,,,,,,,,,,,,,,,,,,,,,,,,
rule_oop_rev1,HXV204,M448F965,CXRPLSBF3856,20241129154635,11,BB2T4H1P3721,A202,P HXT T62806,RPLSB11T3721,M427687200645,22,C,255.90,38054,38054,2.865,7.738,R10,20241129154637,1.586,CLASSHOT,90999985,9985,99,,,,,,,,,,,,,,,,,,,,,,,,,,,,,,,,,,,,,,,,,,
rule_oop_rev1,HXV205,M447D665,CXRPLSBF2756,20241129005031,11,BB2T4H1P4125,C402,P HXT B65384,RPLSB11T4125,M4102YV103344,30,C,Module:HDMT_HDDPS_LC|Channel:16|Time:20241128165032,255.90,0.00,0.00,255.90,0.00,0.00,89983,89983,-18.556,-18.556,2.008,11.653,7.686,R10,3.029,100.955,2.02,3.167,100.861,20241129005033,2.326,CLASSHOT,90999985,9985,99,,,,,,,,,,,,,,,,,,,,,
rule_oop_rev1,HXV205,M447D623,CXRPLSBF3420,20241129052820,11,BB2T4H1P2798,C401,P HXT B65899,RPLSB11T2798,M4102YV105656,29,C,,255.90,0.00,0.00,255.90,0.00,0.00,81665,81665,-18.554,-18.554,2.053,11.158,7.681,R10,3.384,101.554,2.06,3.301,102.431,20241129052822,1.45,CLASSHOT,90999985,9985,99,,,,,,Module:HDMT_HDDPS_HC|Channel:26|Time:20241128212820,,,,,,,,,,,,,,,
rule_oop_rev1,HXV204,AM445F700,CXRPLSBF4559,20241129051724,11,BB2T4H1P4286,A201,P HXT B65873,RPLSB11T4286,M427687200645,22,C,255.90,104024,104024,3.338,7.657,R10,20241129051725,1.522,PHMHOT,90999985,9985,99,,,,,,,,,,,,,,,,,,,,,,,,,,,,,,,,,,,,,,,,,,
rule_oop_rev1,HXV204,M447D390,CXRPLSBF4559,20241129052413,11,BB2T4H1P4286,A201,P HXT B65873,RPLSB11T4286,M427687204136,22,C,255.90,104033,104033,3.435,7.665,R10,20241129052414,1.371,PHMHOT,90999985,9985,99,,,,,,,,,,,,,,,,,,,,,,,,,,,,,,,,,,,,,,,,,,
rule_oop_rev1,HXV204,M448F860,CXRPLSBF3898,20241129132925,11,BB2T4H1P3611,A302,P HXT T64510,RPLSB11T3611,M427687204136,29,C,255.90,127072,127072,9.847,7.652,R10,20241129132926,1.487,CLASSHOT,90999985,9985,99,,,,,,,,,,,,,,,,,,,,,,,,,,,,,,,,,,,,,,,,,,
rule_oop_rev1,HXV204,M448F965,CXRPLSBF3856,20241129154635,11,BB2T4H1P3721,A202,P HXT T62806,RPLSB11T3721,M427687200645,22,C,255.90,38054,38054,2.865,7.738,R10,20241129154637,1.586,CLASSHOT,90999985,9985,99,,,,,,,,,,,,,,,,,,,,,,,,,,,,,,,,,,,,,,,,,,
rule_oop_rev1,HXV205,M447D665,CXRPLSBF2756,20241129005031,11,BB2T4H1P4125,C402,P HXT B65384,RPLSB11T4125,M4102YV103344,30,C,Module:HDMT_HDDPS_LC|Channel:16|Time:20241128165032,255.90,0.00,0.00,255.90,0.00,0.00,89983,89983,-18.556,-18.556,2.008,11.653,7.686,R10,3.029,100.955,2.02,3.167,100.861,20241129005033,2.326,CLASSHOT,90999985,9985,99,,,,,,,,,,,,,,,,,,,,,
rule_oop_rev1,HXV205,M447D623,CXRPLSBF3420,20241129052820,11,BB2T4H1P2798,C401,P HXT B65899,RPLSB11T2798,M4102YV105656,29,C,,255.90,0.00,0.00,255.90,0.00,0.00,81665,81665,-18.554,-18.554,2.053,11.158,7.681,R10,3.384,101.554,2.06,3.301,102.431,20241129052822,1.45,CLASSHOT,90999985,9985,99,,,,,,Module:HDMT_HDDPS_HC|Channel:26|Time:20241128212820,,,,,,,,,,,,,,,
rule_oop_rev1,HXV206,M448G142,ESPADLSGP0018,20241130060150,11,BB2T4H1P0265,B102,P HXT B60963,RPLS816111T0265,M41450BL04360,18,C,Module:HDMT_HDDPS_HC|Channel:26|Time:20241129220151,255.90,0.00,0.00,255.90,0.00,0.00,5.366,R25E,7.678,14.455,105.112,7296,20241130060152,1.527,CLASSHOT,90999985,9985,99,,,,,,,,,,,,,,,,,,,
rule_oop_rev1,HXV206,M448G208,ESPADLSGP3473,20241130184933,11,BB2T4H1P1819,C502,P HXT B63054,RPLS816111T1819,M49634AG00496,22,C,Module:HDMT_HDDPS_HC|Channel:11030|Time:20241130104934,255.90,0.00,0.00,255.90,0.00,0.00,R25E,5.405,7.712,105.703,5146,12.573,20241130184935,1.497,CLASSHOT,90999985,9985,99,,,,,,,,,,,,,,,,,,,
rule_oop_rev1,HXV206,M448G090,ESPADLSGP1417,20241201064950,11,BB2T4H1P1876,B502,P HXT B64491,RPLS816111T1876,M4750DT800094,405,C,Module:HDMT_HDDPS_HC|Channel:26|Time:20241130224950,255.90,0.00,0.00,255.90,0.00,0.00,24.202,R25E,7.645,6.564,105.111,6605,20241201064951,1.506,CLASSHOT,90999985,9985,99,,,,,,,,,,,,,,,,,,,
rule_oop_rev1,HXV206,M448G090,ESPADLSGP1650,20241201064958,11,BB2T4H1P1204,B501,P HXT B65455,RPLS816111T1204,M4750DT800098,233,C,Module:HDMT_HDDPS_HC|Channel:26|Time:20241130224959,255.90,0.00,0.00,255.90,0.00,0.00,24.154,R25E,7.499,5.809,105.137,7057,20241201065000,1.51,CLASSHOT,90999985,9985,99,,,,,,,,,,,,,,,,,,,
rule_oop_rev1,HXV205,M448G346,CXRPLSBF3420,20241202175250,11,BB2T4H1P2798,C401,P HXT B65899,RPLSB11T2798,M4216TF200926,30,C,Module:HDMT_HDDPS_LC|Channel:24|Time:20241202095251,255.90,0.00,0.00,255.90,0.00,0.00,82586,82586,-18.977,-18.977,2.059,11.422,7.657,R10,3.455,101.191,2.053,3.362,101.727,20241202175253,2.537,CLASSHOT,90999985,9985,99,,,,,,,,,,
rule_oop_rev1,HXV006,M446F159,CXICDLCCF3781,20241202234141,11,BB2T4H1P4136,C502,P HXT T64915,ICDLCC11T4136,M4863UK800139,33.0270,C,105.7000,107.5000,256.9000,L4225170,191,+00,+03,106.9,-5.55566e+06,-5.55581e+06,5.55566e+06,256.9,-5.55581e+06,5.55581e+06,28869,28869,R25,5.088,8.172,7.315,15.919,3.323,7.814,20241202234148,7.4670,90979726,9726,97,,,,,,,,,,,,,,,,,,,,,,,,,,,,,,,,,,,,,,,,,,,,,,,,,,,,,,,,,,,,,,,,,,,,,,,,,,,,,,,,,,,,,,,,,,,,,,,,,,,,,,,,,,,,,,,,,,,,,,,,,,,,,,,,,,,,,,,,,,,,,,,,,,,,,,,,,,,,,,,,,,,,,,,,,,,,,,,,,,,,,,,,,,,,,,,,,,,,,,,,,,,,,,,,,,,,,,,,,,,,,,,,,,,,,,,,,,,,,,,,,,,,,,,,,,,,,,,,,,,,
rule_oop_rev1,HXV206,M448G521,ESPADLSGP1768,20241203051109,11,BB2T4H1P1850,A101,P HXT B65301,RPLS816111T1850,M4284CG103142,266,C,255.90,0.00,0.00,255.90,0.00,0.00,5.421,R25E,7.731,9.992,105.168,3111,20241203051111,1.956,CLASSHOT,90979718,9718,97,,,,,,,,,,,,,,,,,,,,,,,
